{
  "mae": 0.3275425684593025,
  "rmse": 0.5053399773665033,
  "r2": 0.8051230593157366
}