{
  "mae": 0.32754256845930246,
  "rmse": 0.5053399773665033,
  "r2": 0.8051230593157366
}